FabricBegin,,,,,,,,,,,,,,,,,,
N_term_RAM_IO,EXT_PMOD_0,EXT_PMOD_1,NPU_CTRL_CFG_0,NPU_CTRL_CFG_1,NPU_ACCUM_N_0,NPU_ACCUM_N_1,NPU_ACCUM_N_2,NPU_ACCUM_N_3,NPU_ACCUM_N_4,N_term_RAM_IO,,#,,,,,,,
AXI_M_IO_W_9,FLUT51PSDM,FLUT51PSDM,FLUT51PSDM,FLUT51PSDM,FLUT51PSDM,FLUT51PSDM,FLUT51PSDM,FLUT51PSDM,FLUT51PSDM,NPU_SLICE_1,,#,,,,,,,
AXI_M_IO_W_8,FLUT51PSDM,FLUT51PSDM,FLUT51PSDM,FLUT51PSDM,FLUT51PSDM,FLUT51PSDM,FLUT51PSDM,FLUT51PSDM,FLUT51PSDM,NPU_SLICE_0,,#,,,,,,,
AXI_M_IO_W_7,FLUT51PSDM,FLUT51PSDM,FLUT51PSDM,FLUT51PSDM,FLUT51PSDM,FLUT51PSDM,FLUT51PSDM,FLUT51PSDM,FLUT51PSDM,NPU_SLICE_1,,#,,,,,,,
AXI_M_IO_W_6,FLUT51PSDM,FLUT51PSDM,FLUT51PSDM,FLUT51PSDM,FLUT51PSDM,FLUT51PSDM,FLUT51PSDM,FLUT51PSDM,FLUT51PSDM,NPU_SLICE_0,,#,,,,,,,
AXI_M_IO_W_5,FLUT51PSDM,FLUT51PSDM,FLUT51PSDM,FLUT51PSDM,FLUT51PSDM,FLUT51PSDM,FLUT51PSDM,FLUT51PSDM,FLUT51PSDM,NPU_SLICE_1,,#,,,,,,,
AXI_M_IO_W_4,FLUT51PSDM,FLUT51PSDM,FLUT51PSDM,FLUT51PSDM,FLUT51PSDM,FLUT51PSDM,FLUT51PSDM,FLUT51PSDM,FLUT51PSDM,NPU_SLICE_0,,#,,,,,,,
AXI_M_IO_W_3,FLUT51PSDM,FLUT51PSDM,FLUT51PSDM,FLUT51PSDM,FLUT51PSDM,FLUT51PSDM,FLUT51PSDM,FLUT51PSDM,FLUT51PSDM,NPU_SLICE_1,,#,,,,,,,
AXI_M_IO_W_2,FLUT51PSDM,FLUT51PSDM,FLUT51PSDM,FLUT51PSDM,FLUT51PSDM,FLUT51PSDM,FLUT51PSDM,FLUT51PSDM,FLUT51PSDM,NPU_SLICE_0,,#,,,,,,,
AXI_M_IO_W_1,FLUT51PSDM,FLUT51PSDM,FLUT51PSDM,FLUT51PSDM,FLUT51PSDM,FLUT51PSDM,FLUT51PSDM,FLUT51PSDM,FLUT51PSDM,NPU_SLICE_1,,#,,,,,,,
AXI_M_IO_W_0,FLUT51PSDM,FLUT51PSDM,FLUT51PSDM,FLUT51PSDM,FLUT51PSDM,FLUT51PSDM,FLUT51PSDM,FLUT51PSDM,FLUT51PSDM,NPU_SLICE_0,,#,,,,,,,
AXIL_S_IO_W_5,FLUT51PSDM,FLUT51PSDM,FLUT51PSDM,FLUT51PSDM,FLUT51PSDM,FLUT51PSDM,FLUT51PSDM,FLUT51PSDM,FLUT51PSDM,NPU_SLICE_1,,#,,,,,,,
AXIL_S_IO_W_4,FLUT51PSDM,FLUT51PSDM,FLUT51PSDM,FLUT51PSDM,FLUT51PSDM,FLUT51PSDM,FLUT51PSDM,FLUT51PSDM,FLUT51PSDM,NPU_SLICE_0,,#,,,,,,,
AXIL_S_IO_W_3,FLUT51PSDM,FLUT51PSDM,FLUT51PSDM,FLUT51PSDM,FLUT51PSDM,FLUT51PSDM,FLUT51PSDM,FLUT51PSDM,FLUT51PSDM,NPU_SLICE_1,,#,,,,,,,
AXIL_S_IO_W_2,FLUT51PSDM,FLUT51PSDM,FLUT51PSDM,FLUT51PSDM,FLUT51PSDM,FLUT51PSDM,FLUT51PSDM,FLUT51PSDM,FLUT51PSDM,NPU_SLICE_0,,#,,,,,,,
AXIL_S_IO_W_1,FLUT51PSDM,FLUT51PSDM,FLUT51PSDM,FLUT51PSDM,FLUT51PSDM,FLUT51PSDM,FLUT51PSDM,FLUT51PSDM,FLUT51PSDM,NPU_SLICE_1,,#,,,,,,,
AXIL_S_IO_W_0,FLUT51PSDM,FLUT51PSDM,FLUT51PSDM,FLUT51PSDM,FLUT51PSDM,FLUT51PSDM,FLUT51PSDM,FLUT51PSDM,FLUT51PSDM,NPU_SLICE_0,,#,,,,,,,
S_term_RAM_IO,SOC_DEBUG_IO,SOC_DEBUG_IO,SOC_DEBUG_IO,SOC_DEBUG_IO,NPU_ACCUM_S_0,NPU_ACCUM_S_1,NPU_ACCUM_S_2,NPU_ACCUM_S_3,NPU_ACCUM_S_4,S_term_RAM_IO,,#,,,,,,,
FabricEnd,,,,,,,,,,,,,,,,,,

,,,,,,,,,,,,,,,,,,
ParametersBegin,,,,,,,,,,,,,,,,,,
ConfigBitMode,frame_based,# default is FlipFlopChain,,frame_based,,,,,,,,,,,,,,
#FrameBitsPerRow,32,"# we configure an entire configuration frame over the full height of the device (like Virtex-II) and we write FrameBitsPerRow bits per, well, tile=CLB height",,,,,,,,,,,,,,,,
#MaxFramesPerCol,20,,,,,,,,,,,,,,,,,
#Package,use work.my_package.all;,,,,,,,,,,,,,,,,,
GenerateDelayInSwitchMatrix,80,,,,,,,,,,,,,,,,,
MultiplexerStyle,custom,#,custom,generic,,,,,,,,,,,,,,
SuperTileEnable,TRUE,#,TRUE,FALSE,,,,,,,,,,,,,,
UserCLKDirection,W2E
FrameStrobeEncoding,q_of_n,2,9
IncludeBorderRows,TRUE,# config bits in the top/bottom IO rows; limits the fabric to 30 rows
,,,,,,,,,,,,,,,,,,
Tile,./Tile/FLUT51PSDM/FLUT51PSDM.csv,,,,,,,,,,,,,,,,,
Tile,./Tile/SOC_DEBUG_IO/SOC_DEBUG_IO.csv,,,,,,,,,,,,,,,,,
Tile,./Tile/EXT_PMOD/EXT_PMOD_0/EXT_PMOD_0.csv,,,,,,,,,,,,,,,,,
Tile,./Tile/EXT_PMOD/EXT_PMOD_1/EXT_PMOD_1.csv,,,,,,,,,,,,,,,,,
Tile,./Tile/NPU_CTRL_CFG/NPU_CTRL_CFG_0/NPU_CTRL_CFG_0.csv,,,,,,,,,,,,,,,,,
Tile,./Tile/NPU_CTRL_CFG/NPU_CTRL_CFG_1/NPU_CTRL_CFG_1.csv,,,,,,,,,,,,,,,,,
Tile,./Tile/NPU_ACCUM_N/NPU_ACCUM_N_0/NPU_ACCUM_N_0.csv,,,,,,,,,,,,,,,,,
Tile,./Tile/NPU_ACCUM_N/NPU_ACCUM_N_1/NPU_ACCUM_N_1.csv,,,,,,,,,,,,,,,,,
Tile,./Tile/NPU_ACCUM_N/NPU_ACCUM_N_2/NPU_ACCUM_N_2.csv,,,,,,,,,,,,,,,,,
Tile,./Tile/NPU_ACCUM_N/NPU_ACCUM_N_3/NPU_ACCUM_N_3.csv,,,,,,,,,,,,,,,,,
Tile,./Tile/NPU_ACCUM_N/NPU_ACCUM_N_4/NPU_ACCUM_N_4.csv,,,,,,,,,,,,,,,,,
Tile,./Tile/NPU_ACCUM_S/NPU_ACCUM_S_0/NPU_ACCUM_S_0.csv,,,,,,,,,,,,,,,,,
Tile,./Tile/NPU_ACCUM_S/NPU_ACCUM_S_1/NPU_ACCUM_S_1.csv,,,,,,,,,,,,,,,,,
Tile,./Tile/NPU_ACCUM_S/NPU_ACCUM_S_2/NPU_ACCUM_S_2.csv,,,,,,,,,,,,,,,,,
Tile,./Tile/NPU_ACCUM_S/NPU_ACCUM_S_3/NPU_ACCUM_S_3.csv,,,,,,,,,,,,,,,,,
Tile,./Tile/NPU_ACCUM_S/NPU_ACCUM_S_4/NPU_ACCUM_S_4.csv,,,,,,,,,,,,,,,,,
Tile,./Tile/NPU_SLICE/NPU_SLICE_0/NPU_SLICE_0.csv,,,,,,,,,,,,,,,,,
Tile,./Tile/NPU_SLICE/NPU_SLICE_1/NPU_SLICE_1.csv,,,,,,,,,,,,,,,,,
Tile,./Tile/N_term_RAM_IO/N_term_RAM_IO.csv,,,,,,,,,,,,,,,,,
Tile,./Tile/S_term_RAM_IO/S_term_RAM_IO.csv,,,,,,,,,,,,,,,,,
Tile,./Tile/AXIL_S_IO_W/AXIL_S_IO_W_0/AXIL_S_IO_W_0.csv,,,,,,,,,,,,,,,,,
Tile,./Tile/AXIL_S_IO_W/AXIL_S_IO_W_1/AXIL_S_IO_W_1.csv,,,,,,,,,,,,,,,,,
Tile,./Tile/AXIL_S_IO_W/AXIL_S_IO_W_2/AXIL_S_IO_W_2.csv,,,,,,,,,,,,,,,,,
Tile,./Tile/AXIL_S_IO_W/AXIL_S_IO_W_3/AXIL_S_IO_W_3.csv,,,,,,,,,,,,,,,,,
Tile,./Tile/AXIL_S_IO_W/AXIL_S_IO_W_4/AXIL_S_IO_W_4.csv,,,,,,,,,,,,,,,,,
Tile,./Tile/AXIL_S_IO_W/AXIL_S_IO_W_5/AXIL_S_IO_W_5.csv,,,,,,,,,,,,,,,,,
Tile,./Tile/AXI_M_IO_W/AXI_M_IO_W_0/AXI_M_IO_W_0.csv,,,,,,,,,,,,,,,,,
Tile,./Tile/AXI_M_IO_W/AXI_M_IO_W_1/AXI_M_IO_W_1.csv,,,,,,,,,,,,,,,,,
Tile,./Tile/AXI_M_IO_W/AXI_M_IO_W_2/AXI_M_IO_W_2.csv,,,,,,,,,,,,,,,,,
Tile,./Tile/AXI_M_IO_W/AXI_M_IO_W_3/AXI_M_IO_W_3.csv,,,,,,,,,,,,,,,,,
Tile,./Tile/AXI_M_IO_W/AXI_M_IO_W_4/AXI_M_IO_W_4.csv,,,,,,,,,,,,,,,,,
Tile,./Tile/AXI_M_IO_W/AXI_M_IO_W_5/AXI_M_IO_W_5.csv,,,,,,,,,,,,,,,,,
Tile,./Tile/AXI_M_IO_W/AXI_M_IO_W_6/AXI_M_IO_W_6.csv,,,,,,,,,,,,,,,,,
Tile,./Tile/AXI_M_IO_W/AXI_M_IO_W_7/AXI_M_IO_W_7.csv,,,,,,,,,,,,,,,,,
Tile,./Tile/AXI_M_IO_W/AXI_M_IO_W_8/AXI_M_IO_W_8.csv,,,,,,,,,,,,,,,,,
Tile,./Tile/AXI_M_IO_W/AXI_M_IO_W_9/AXI_M_IO_W_9.csv,,,,,,,,,,,,,,,,,
,,,,,,,,,,,,,,,,,,
Supertile,./Tile/AXI_M_IO_W/AXI_M_IO_W.csv,,,,,,,,,,,,,,,,,
Supertile,./Tile/AXIL_S_IO_W/AXIL_S_IO_W.csv,,,,,,,,,,,,,,,,,
Supertile,./Tile/EXT_PMOD/EXT_PMOD.csv,,,,,,,,,,,,,,,,,
Supertile,./Tile/NPU_CTRL_CFG/NPU_CTRL_CFG.csv,,,,,,,,,,,,,,,,,
Supertile,./Tile/NPU_ACCUM_N/NPU_ACCUM_N.csv,,,,,,,,,,,,,,,,,
Supertile,./Tile/NPU_ACCUM_S/NPU_ACCUM_S.csv,,,,,,,,,,,,,,,,,
Supertile,./Tile/NPU_SLICE/NPU_SLICE.csv,,,,,,,,,,,,,,,,,
,,,,,,,,,,,,,,,,,,

ParametersEnd,,,,,,,,,,,,,,,,,,
