frame_name,frame_index,bits_used_in_frame,used_bits_mask,ConfigBits_ranges
frame0,0,0,0000_0000_0000_0000_0000_0000_0000_0000,# NULL
frame1,1,1,0000_0010_0000_0000_0000_0000_0000_0000,0
frame2,2,0,0000_0000_0000_0000_0000_0000_0000_0000,# NULL
frame3,3,0,0000_0000_0000_0000_0000_0000_0000_0000,# NULL
frame4,4,0,0000_0000_0000_0000_0000_0000_0000_0000,# NULL
frame5,5,0,0000_0000_0000_0000_0000_0000_0000_0000,# NULL
frame6,6,0,0000_0000_0000_0000_0000_0000_0000_0000,# NULL
frame7,7,0,0000_0000_0000_0000_0000_0000_0000_0000,# NULL
frame8,8,0,0000_0000_0000_0000_0000_0000_0000_0000,# NULL
frame9,9,0,0000_0000_0000_0000_0000_0000_0000_0000,# NULL
frame10,10,0,0000_0000_0000_0000_0000_0000_0000_0000,# NULL
frame11,11,0,0000_0000_0000_0000_0000_0000_0000_0000,# NULL
frame12,12,0,0000_0000_0000_0000_0000_0000_0000_0000,# NULL
frame13,13,0,0000_0000_0000_0000_0000_0000_0000_0000,# NULL
frame14,14,0,0000_0000_0000_0000_0000_0000_0000_0000,# NULL
frame15,15,0,0000_0000_0000_0000_0000_0000_0000_0000,# NULL
frame16,16,0,0000_0000_0000_0000_0000_0000_0000_0000,# NULL
frame17,17,0,0000_0000_0000_0000_0000_0000_0000_0000,# NULL
frame18,18,0,0000_0000_0000_0000_0000_0000_0000_0000,# NULL
frame19,19,0,0000_0000_0000_0000_0000_0000_0000_0000,# NULL
frame20,20,0,00000000000000000000000000000000,# NULL
frame21,21,0,00000000000000000000000000000000,# NULL
frame22,22,0,00000000000000000000000000000000,# NULL
frame23,23,0,00000000000000000000000000000000,# NULL
frame24,24,0,00000000000000000000000000000000,# NULL
frame25,25,0,00000000000000000000000000000000,# NULL
frame26,26,0,00000000000000000000000000000000,# NULL
frame27,27,0,00000000000000000000000000000000,# NULL
frame28,28,0,00000000000000000000000000000000,# NULL
frame29,29,0,00000000000000000000000000000000,# NULL
frame30,30,0,00000000000000000000000000000000,# NULL
frame31,31,0,00000000000000000000000000000000,# NULL
frame32,32,0,00000000000000000000000000000000,# NULL
frame33,33,0,00000000000000000000000000000000,# NULL
frame34,34,0,00000000000000000000000000000000,# NULL
frame35,35,0,00000000000000000000000000000000,# NULL
frame36,36,0,00000000000000000000000000000000,# NULL
frame37,37,0,00000000000000000000000000000000,# NULL
frame38,38,0,00000000000000000000000000000000,# NULL
frame39,39,0,00000000000000000000000000000000,# NULL
frame40,40,0,00000000000000000000000000000000,# NULL
frame41,41,0,00000000000000000000000000000000,# NULL
frame42,42,0,00000000000000000000000000000000,# NULL
frame43,43,0,00000000000000000000000000000000,# NULL
frame44,44,0,00000000000000000000000000000000,# NULL
frame45,45,0,00000000000000000000000000000000,# NULL
frame46,46,0,00000000000000000000000000000000,# NULL
